,embedding_method,threshold,fscore,precision,recall,roc_auc
0,max,0.33181478577770646,0.8123791102514507,0.7720588235294118,0.8571428571428571,0.980391883249026
