,embedding_method,threshold,fscore,precision,recall,roc_auc
0,mean,0.26114275233690665,0.746166950596252,0.6403508771929824,0.8938775510204081,0.9673841502412931
