,embedding_method,threshold,fscore,precision,recall,roc_auc
0,median,0.38210086803760557,0.8098159509202454,0.8114754098360656,0.8081632653061225,0.9783057154485726
